{"target": 0.0, "params": {"det_1": 101.5515631006063, "det_2": 22.162523192039593, "laseroff": 550387.8669435399, "laseron": 141198.31174319648, "main_det": 17.501443149449674, "pr_1": 9.8941803446117, "pr_2": 7.607573716608474}, "datetime": {"datetime": "2021-12-26 15:57:17", "elapsed": 0.0, "delta": 0.0}}
